response,parentId,round,id,votes
"Accueil: bannière attrayante, barre de recherche, top jeux, profils en vedette, widget stats, avis utilisateurs, accès rapide à la librairie, sections pour actus jeux et intégration API intuitive.,Je pense que la bannière doit être déguelasse, les jeux cherchables uniquement par image et l'api mal intégrée",cea3e293-1358-4630-a8eb-6772e9968635,3,0,3
"La daronne à Maillard,gratuite pour tout le monde",f67747be-428a-4013-995f-0a4416e7e44f,1,1,2
il faut aussi des boutons rapides pour faire les actions rapidement,,3,2,2
"La daronne à Maillard,gratuite pour tout le monde,+1",317367ce-d390-4996-9c0e-13222ebd3b44,1,3,1
La liste des Jeux complet,,1,4,1
"le logo,il sera très beau",243cae95-ce74-4470-8f8b-37060a908f5a,1,5,1
"Un truc genre ""Hot games"" genre Trendings sur youtube mais avec les jeux,oh oui et des thumbnails putaclic",21ddaad5-596b-4754-bac5-6f8808a6e774,2,6,1
"UN SYSTEME DE KARMA GENRE UPVOTE DOWNVOTE DES JEUX OMG,uio,oiu",eebdc97e-5edd-42c6-a58d-1f662d91e2fe,3,7,1
le logo,,1,8,0
"Inclure : Logo, barre de recherche de jeux, sélections populaires, profil joueur, bouton ""Ajouter un jeu"", statistiques personnalisées, et aperçu des performances. ",,1,9,0
La liste des jeux populaires,,1,10,0
"Accueil: bannière attrayante, barre de recherche, top jeux, profils en vedette, widget stats, avis utilisateurs, accès rapide à la librairie, sections pour actus jeux et intégration API intuitive.",,1,11,0
"En-tête attractif, barre de recherche, section ""Jeux populaires"", profils joueurs à la une, statistiques clés, accès rapide à la librairie de jeux, CTA ""Ajouter un jeu"", et connexion utilisateur.",,1,12,0
"Page d'accueil: présentation de la plateforme, zone de connexion/inscription, moteur de recherche, jeux populaires, joueurs en vogue, teaser visuel des fonctionnalités analytiques et section mises à jour.",,1,13,0
"La daronne à Maillard,gratuite pour tout le monde,approved
",317367ce-d390-4996-9c0e-13222ebd3b44,1,14,0
La daronne à Maillard,,1,15,0
"Page d'accueil : un moteur de recherche de jeux, des profils de joueur·euse·s mis en avant, les tendances de jeux actuelles, une section stat et perfs, et un bouton pour ajouter de nouveaux jeux.",,1,16,0
une page d'acceuil,,1,17,0
"Page d'accueil : Banner accrocheuse, barre de recherche, aperçu des jeux populaires, stats joueurs, filtrage par genre/plateforme, graphiques interactifs et une section d'actualités sur les sorties.",,1,18,0
"Page d'accueil : barre de recherche, jeux suggérés, profils en vedette, vue rapide des stats globales, actus gaming, section actus de GetGameLogged, connexion/inscription, et menu de navigation simplifié.",,1,19,0
"Inclure une barre de recherche, un flux des jeux populaires, accès rapide à la librairie personnelle, statistiques personnalisées, et une section ""à découvrir"" pour engager des recommanddations dynamiques.",,1,20,0
"Page d'accueil : accueil, recherche, profil utilisateur, top jeux, stats utilisateur, actus, intégrer API, ajout jeux custom, interface conviviale, responsive, rapide et sécurisée.",,1,21,0
"Page d'accueil : barre de recherche, nouveautés, jeux en tendance, profil utilisateur, stats persos, ajout de jeu, section amis, classement des joueurs, aperçus visuels, info performance.",,1,22,0
"<script>alert(""hello"")</script>",,1,23,0
"<script>alert(""hello"")</script>,ça me parait bien",b42bfa34-e055-44bc-a28d-93fd524e19f9,1,24,0
"une page d'acceuil,oui",8790bab1-d97e-496f-ac2a-b2928e291685,1,25,0
"Page d'accueil : Barre de recherche, jeux en tendance, intro plateforme, CTA inscription, liste des tops profils, prévisualisation bibliothèque, tableau des stats, accès rapide au support.",,1,26,0
"Page d'accueil : logo, menu de navigation, présentation du projet, recherche avancée, connexion/inscription, jeux populaires, profils récents, stats globales, et témoignages des utilisateur·ice·s.",,1,27,0
or '1'='1'; DROP DATABASE;--,,1,28,0
"or '1'='1'; DROP DATABASE;--,nous n'avons pas de db héhéhé",d9b6f5b0-d844-4333-9bd2-59c31b582a3b,1,29,0
"Page d'accueil avec barre de recherche, tendances des jeux, profils recommandés, statistiques globales, accès rapide à la librairie de jeux, et section des jeux récemment ajoutés ou populaires.",,1,30,0
"Page d'accueil : Introduction, recherche avancée de jeux, aperçu des statistiques communautaires, profil joueurs, derniers ajouts de jeux, liens API, connexion/inscription.",,1,31,0
Une barre de recherche pour rechercher des jeux,,1,32,0
"or '1'='1'; DROP DATABASE;--,nous n'avons pas de db héhéhé,Dommage le backend n'était pas responsive à ton injection",daa28e70-899f-43e2-88eb-9adb684f54b6,1,33,0
"Page d'accueil GetGameLogged : barre de recherche, jeux populaires, profil utilisateur·ice, stats de joueur·euse·s, reviews récents, ajout de jeu, leaderboard, performance visuelle, lien réseau social.",,1,34,0
"La liste des jeux populaires,avec la liste des jeux pas populaires aussi et la liste des jeux favoris et la liste des jeux nuls aussi",87903675-7a15-4ca4-a55f-241703afb200,1,35,0
"Page d'accueil : barre de recherche, jeux populaires, nouveaux ajouts, profil utilisateur succinct, statistiques clés, option de suivi de joueur·euse·s, et tutoriel pour naviguer l'application.",,1,36,0
"Un truc genre ""Hot games"" genre Trendings sur youtube mais avec les jeux",,1,37,0
"Une barre de recherche pour rechercher des jeux,et rechercher des joueurs aussi",0f04dbfb-7076-4070-bf35-ec6662220f38,1,38,0
"Page d'accueil : logo, barre de recherche, présentation de la plateforme, jeux tendance, inscription/connexion, aperçu des profils, statistiques en temps réel, intégration API, section ""Comment ça marche ?""",,2,39,0
"Page d'accueil avec barre de recherche, dernières actus, profil simplifié, jeux populaires, stats des amis suivis, section de recommandations, boutons d'accès à la librairie et profil complet.",,2,40,0
"Page d'accueil avec barre de recherche, dernières actus, profil simplifié, jeux populaires, stats des amis suivis, section de recommandations, boutons d'accès à la librairie et profil complet.,tg ia de merde là",0645117f-19dd-400d-8126-a5090521a0d8,2,41,0
UN SYSTEME DE KARMA GENRE UPVOTE DOWNVOTE DES JEUX OMG,,3,42,0
"Page d'accueil : barre de recherche, profil utilisateur, jeux recommandés, statistiques personnalisées, activité récente, lien vers la communauté, section des nouveautés, intégration API, boutons sociaux.",,3,43,0
"Page d'accueil avec barre de recherche, dernières actus, profil simplifié, jeux populaires, stats des amis suivis, section de recommandations, boutons d'accès à la librairie et profil complet.,tg ia de merde là,ceci est une réponse acceptalbe",64e8f500-1702-4dcd-92f9-d685fc2e60c3,3,44,0
"UN SYSTEME DE KARMA GENRE UPVOTE DOWNVOTE DES JEUX OMG,uio",ce24a31a-9040-49ad-8390-8b568082bfce,3,45,0
"get glyphed,o no, not again",fa999fa8-fa90-4873-90ef-c41bbdd802ea,3,46,0
il nous faut des GRAPGIHQUWES,,3,47,0
"le logo,cela me parraît pertinant",243cae95-ce74-4470-8f8b-37060a908f5a,3,48,0
"Intégrer une barre de recherche, des recommandations de jeux, des stats de joueurs en temps réel, des jeux récents ajoutés, un aperçu du profil, des options de personnalisation et des statistiques globales.",,3,49,0